day,event_count
2025-06-15,562
2025-02-26,545
2025-06-16,509
2025-03-30,564
2025-06-13,538
2025-02-11,539
2025-03-28,559
2025-02-17,551
2025-01-09,544
2025-03-27,539
2025-06-18,562
2025-05-02,572
2025-05-25,519
2025-03-23,561
2025-04-06,568
2025-04-29,557
2025-04-14,551
2025-03-24,532
2025-04-25,508
2025-04-27,493
2025-04-23,579
2025-06-14,596
2025-03-13,556
2025-04-16,526
2025-04-10,578
2025-01-21,566
2025-05-11,568
2025-04-22,587
2025-06-06,559
2025-04-03,594
2025-03-29,557
2025-05-12,522
2025-06-26,544
2025-03-01,572
2025-06-07,561
2025-02-24,576
2025-03-09,541
2025-02-16,516
2025-01-31,543
2025-02-10,557
2025-06-05,562
2025-01-24,561
2025-06-21,545
2025-05-23,571
2025-06-03,580
2025-01-07,504
2025-04-24,560
2025-01-27,546
2025-06-28,546
2025-05-01,557
2025-04-12,528
2025-01-29,550
2025-05-21,553
2025-04-18,569
2025-04-20,600
2025-01-20,541
2025-02-04,540
2025-01-30,548
2025-06-22,548
2025-03-07,565
2025-01-03,575
2025-03-19,565
2025-04-02,542
2025-05-17,554
2025-06-17,545
2025-06-01,520
2025-03-15,589
2025-04-04,611
2025-04-01,544
2025-03-12,613
2025-05-03,559
2025-01-10,550
2025-06-12,599
2025-04-19,539
2025-02-08,544
2025-04-17,561
2025-06-19,556
2025-06-04,557
2025-01-19,531
2025-01-26,544
2025-03-21,602
2025-04-15,576
2025-06-23,576
2025-01-17,519
2025-04-21,570
2025-03-05,553
2025-03-02,550
2025-03-10,610
2025-04-08,560
2025-01-11,528
2025-01-15,573
2025-04-13,585
2025-05-05,559
2025-05-15,545
2025-05-18,576
2025-04-09,538
2025-02-19,551
2025-05-20,553
2025-04-11,547
2025-05-28,517
2025-04-26,578
2025-06-25,572
2025-03-03,588
2025-03-04,557
2025-05-04,565
2025-03-20,561
2025-05-27,545
2025-02-14,557
2025-02-21,549
2025-03-11,586
2025-05-24,567
2025-01-06,562
2025-05-08,566
2025-01-01,534
2025-01-28,551
2025-02-03,553
2025-05-13,571
2025-06-11,531
2025-06-08,575
2025-04-28,531
2025-05-10,595
2025-01-08,549
2025-05-29,558
2025-02-27,532
2025-05-30,573
2025-03-08,545
2025-05-14,597
2025-01-13,528
2025-05-07,568
2025-04-05,510
2025-02-05,553
2025-01-16,548
2025-01-14,572
2025-01-04,534
2025-02-18,567
2025-06-24,539
2025-02-23,559
2025-05-31,542
2025-02-12,546
2025-06-10,536
2025-03-14,539
2025-03-06,575
2025-01-18,544
2025-05-26,634
2025-06-27,523
2025-06-09,558
2025-02-25,579
2025-01-05,559
2025-05-09,547
2025-05-22,550
2025-03-18,526
2025-06-20,571
2025-04-07,568
2025-01-02,563
2025-02-07,549
2025-02-01,550
2025-03-16,583
2025-03-22,521
2025-02-06,581
2025-02-09,565
2025-02-15,556
2025-01-23,587
2025-03-25,573
2025-01-12,569
2025-01-25,605
2025-03-31,539
2025-06-29,550
2025-02-02,497
2025-06-02,527
2025-04-30,546
2025-02-13,561
2025-02-28,546
2025-05-19,561
2025-03-17,497
2025-05-06,592
2025-05-16,522
2025-03-26,551
2025-01-22,549
2025-02-20,550
2025-02-22,556
